multiple_concatenate_genre_key,genre_key
86276,2
86276,22
86276,7
86276,9
86277,10
86277,27
86277,28
86277,6
86278,19
86278,21
86278,5
86278,6
86278,8
86279,13
86279,19
86279,7
86280,16
86280,6
86281,10
86281,13
86281,22
86281,24
86282,2
86282,23
86282,28
86282,9
86283,10
86283,13
86283,19
86283,21
86283,5
86284,16
86284,28
86284,5
86285,10
86285,16
86285,2
86285,5
86286,2
86286,21
86286,5
86286,6
86286,7
86287,10
86287,13
86287,24
86287,26
86287,27
86287,28
86287,5
86288,16
86288,27
86288,5
86288,6
86289,15
86289,23
86289,26
86289,27
86289,7
86290,10
86290,9
86291,10
86291,19
86291,21
86291,8
86292,19
86292,23
86292,26
86292,28
86293,10
86293,20
86293,23
86293,5
86294,13
86294,20
86294,7
86295,10
86295,22
86295,6
86296,13
86296,26
86296,7
86297,21
86297,28
86297,5
86297,6
86298,16
86298,19
86299,19
86299,21
86299,5
86299,8
86300,13
86300,19
86300,2
86300,21
86300,5
86301,10
86301,13
86301,6
86302,13
86302,15
86302,26
86302,5
86303,24
86303,7
86304,10
86304,13
86304,19
86304,8
86305,16
86305,24
86305,27
86305,5
86306,21
86306,6
86306,7
86306,8
86307,10
86307,22
86307,26
86308,10
86309,10
86309,20
86309,27
86309,28
86310,10
86310,2
86310,26
86310,27
86311,10
86311,24
86311,5
86311,8
86312,19
86312,5
86312,7
86312,8
86313,10
86313,13
86313,26
86313,27
86313,5
86313,9
86314,2
86314,28
86315,10
86315,5
86315,9
86316,10
86316,2
86316,27
86317,2
86317,23
86317,28
86317,5
86317,7
86318,13
86318,2
86318,21
86318,9
86319,2
86319,23
86319,26
86319,5
86319,7
86320,13
86320,2
86320,24
86321,13
86321,19
86321,21
86321,6
86321,7
86321,8
86322,2
86322,27
86322,28
86323,2
86323,7
86324,2
86324,26
86324,7
86324,9
86325,21
86325,26
86326,7
86326,9
86327,13
86327,20
86327,21
86327,6
86328,15
86328,27
86328,7
86329,19
86329,23
86329,26
86329,5
86329,9
86330,10
86330,13
86330,19
86330,26
86330,28
86331,13
86331,9
86332,27
86332,5
86332,9
86333,21
86333,22
86334,10
86334,13
86334,27
86334,5
86335,16
86335,5
86335,8
86336,26
86336,6
86336,9
86337,2
86337,26
86337,5
86337,7
86338,19
86338,2
86338,27
86339,15
86339,26
86339,27
86339,5
86339,9
86340,19
86340,2
86340,28
86340,9
86341,10
86341,13
86341,24
86341,28
86341,5
86341,6
86342,15
86342,5
86342,7
86343,13
86343,2
86343,21
86343,6
86344,13
86344,20
86344,5
86345,21
86345,28
86345,5
86346,2
86346,26
86346,27
86346,9
86347,2
86347,21
86347,22
86347,6
86348,10
86348,26
86348,27
86348,6
86349,23
86349,26
86349,28
86350,10
86350,13
86350,26
86350,27
86350,9
86351,13
86351,2
86351,26
86351,27
86351,5
86351,7
86352,19
86352,21
86352,28
86352,6
86353,20
86353,21
86353,6
86353,8
86354,6
86355,13
86355,2
86355,27
86356,10
86356,13
86356,2
86356,21
86357,10
86357,13
86357,2
86357,26
86357,6
86358,2
86358,21
86358,6
86358,7
86359,10
86359,13
86359,23
86359,26
86359,28
86360,19
86360,5
86360,7
86360,9
86361,10
86361,13
86361,2
86361,21
86361,6
86361,7
86362,13
86362,19
86362,2
86362,21
86362,5
86362,6
86362,7
86362,8
86363,13
86363,21
86363,26
86363,28
86364,22
86364,7
86364,8
86365,10
86365,23
86365,24
86365,28
86366,10
86366,13
86366,20
86366,24
86366,28
86367,2
86367,26
86367,27
86367,28
86367,5
86368,2
86368,21
86368,23
86368,6
86369,10
86369,23
86369,28
86370,19
86370,5
86370,6
86370,9
86371,10
86371,2
86371,27
86371,5
86371,9
86372,28
86372,5
86372,7
86373,13
86373,27
86373,5
86374,24
86374,27
86375,10
86375,13
86375,26
86375,28
86375,5
86376,19
86376,23
86376,24
86376,26
86376,5
86377,10
86377,13
86377,15
86377,2
86377,22
86377,23
86377,26
86377,27
86377,5
86377,9
86378,23
86378,26
86378,5
86379,10
86379,13
86379,2
86379,7
86380,10
86380,26
86380,27
86381,10
86381,24
86381,26
86381,5
86381,9
86382,10
86382,13
86382,24
86382,27
86383,2
86383,27
86383,5
86383,8
86384,24
86384,28
86384,5
86384,6
86384,7
86385,2
86385,21
86385,28
86385,6
86385,8
86386,21
86386,5
86386,6
86386,8
86387,15
86387,2
86387,26
86387,27
86387,7
86387,9
86388,13
86388,19
86388,21
86388,5
86388,9
86389,19
86389,2
86389,21
86390,26
86390,28
86390,5
86390,7
86390,9
86391,19
86391,23
86391,26
86391,5
86392,20
86393,22
86393,23
86393,26
86394,2
86394,27
86394,5
86394,7
86394,9
86395,24
86395,26
86395,9
86396,10
86396,13
86396,19
86396,2
86396,23
86396,28
86397,10
86397,19
86397,28
86397,5
86398,16
86399,15
86399,19
86399,27
86399,5
86399,7
86399,9
86400,13
86400,24
86401,13
86401,26
86401,5
86401,9
86402,13
86402,27
86402,5
86402,7
86403,10
86403,13
86403,19
86403,2
86403,28
86404,10
86404,2
86404,24
86404,5
86405,10
86405,15
86405,26
86405,27
86405,5
86406,10
86406,27
86406,5
86407,21
86407,6
86407,8
86408,13
86408,22
86408,24
86409,13
86409,19
86409,2
86409,20
86409,21
86409,28
86409,6
86410,10
86410,13
86410,19
86410,2
86410,21
86410,6
86411,19
86411,26
86411,5
86412,27
86412,5
86412,7
86413,10
86413,13
86413,19
86413,2
86413,9
86414,19
86414,2
86414,21
86414,6
86414,8
86415,27
86415,5
86416,22
86416,5
86417,10
86417,2
86417,6
86417,7
86418,13
86418,16
86418,21
86419,16
86419,21
86419,27
86420,2
86420,21
86420,23
86421,13
86421,19
86421,21
86421,26
86421,28
86422,24
86422,5
86422,7
86422,8
86423,13
86423,26
86423,27
86423,5
86423,7
86424,13
86424,19
86424,20
86424,5
86425,10
86425,19
86425,2
86425,23
86426,13
86426,19
86426,2
86426,28
86426,6
86426,7
86427,26
86427,27
86428,13
86428,16
86428,26
86428,5
86429,10
86429,2
86429,26
86429,27
86429,5
86429,6
86429,7
86430,10
86430,2
86430,20
86430,21
86430,28
86430,6
86431,2
86431,21
86431,27
86431,8
86432,10
86432,13
86432,5
86432,9
86433,22
86433,26
86433,5
86434,13
86434,22
86434,5
86434,7
86435,15
86435,26
86435,27
86435,5
86435,7
86436,10
86436,2
86436,27
86436,5
86436,7
86437,10
86437,2
86437,5
86438,10
86438,13
86438,2
86438,26
86438,7
86438,8
86439,10
86439,2
86439,24
86439,5
86439,7
86440,23
86440,8
86441,2
86441,6
86442,13
86442,19
86442,28
86442,6
86443,5
86443,9
86444,2
86444,7
86444,9
86445,2
86445,23
86445,27
86445,5
86446,13
86446,2
86446,7
86447,26
86447,5
86447,6
86448,15
86448,26
86449,10
86449,26
86449,27
86449,28
86449,9
86450,23
86450,5
86450,7
86450,9
86451,13
86451,19
86451,28
86451,5
86451,6
86452,26
86452,28
86452,5
86453,19
86453,2
86453,21
86453,23
86454,28
86454,6
86455,13
86455,19
86455,21
86455,6
86455,9
86456,21
86456,23
86456,5
86457,10
86457,13
86457,2
86457,21
86457,28
86457,6
86458,21
86458,6
86458,9
86459,10
86459,19
86459,2
86459,27
86460,10
86460,19
86460,21
86460,28
86461,10
86461,19
86461,9
86462,10
86462,6
86462,7
86463,10
86463,2
86463,26
86463,7
86463,9
86464,13
86464,22
86464,27
86464,5
86465,2
86465,22
86465,27
86466,22
86466,26
86466,27
86466,5
86467,2
86467,26
86467,27
86467,5
86468,27
86468,6
86468,9
86469,10
86469,13
86469,19
86469,5
86470,15
86470,5
86470,9
86471,13
86471,23
86471,26
86471,5
86472,2
86472,21
86472,5
86472,9
86473,10
86473,19
86473,26
86474,19
86474,2
86474,7
86475,16
86475,24
86475,5
86475,6
86476,10
86476,19
86476,2
86476,24
86476,28
86476,5
86476,9
86477,2
86477,5
86477,7
86477,9
86478,2
86478,5
86478,8
86478,9
86479,2
86479,24
86479,28
86479,6
86480,13
86480,2
86480,22
86481,10
86481,20
86481,27
86482,10
86482,19
86482,2
86483,10
86483,23
86483,27
86483,5
86484,13
86484,19
86484,8
86485,19
86485,7
86486,5
86486,8
86486,9
86487,13
86487,19
86487,28
86487,7
86488,13
86488,24
86488,26
86488,5
86488,7
86489,10
86489,2
86489,22
86489,5
86489,7
86490,19
86490,21
86490,28
86490,5
86491,27
86491,28
86491,6
86492,13
86492,19
86492,2
86492,21
86492,28
86493,10
86493,23
86493,26
86493,28
86493,9
86494,23
86494,26
86494,28
86494,7
86495,19
86495,23
86495,26
86495,6
86496,28
86496,9
86497,19
86497,23
86497,28
86497,6
86498,10
86498,27
86498,7
86499,10
86499,16
86499,2
86500,23
86500,9
86501,22
86501,27
86502,10
86502,13
86502,27
86502,28
86503,2
86503,24
86503,28
86503,5
86504,15
86504,24
86504,26
86505,10
86505,13
86505,28
86505,5
86506,2
86506,24
86506,7
86506,9
86507,13
86507,21
86507,28
86507,6
86507,7
86508,16
86508,2
86508,6
86509,2
86509,21
86509,9
86510,19
86510,20
86510,26
86510,7
86511,13
86511,2
86511,5
86512,13
86512,2
86512,22
86512,9
86513,26
86513,28
86514,13
86514,21
86514,6
86514,7
86515,10
86515,2
86515,26
86516,13
86516,19
86516,2
86516,20
86516,21
86516,6
86517,13
86517,28
86517,5
86518,10
86518,13
86518,22
86518,26
86518,5
86519,24
86519,5
86520,2
86520,26
86520,27
86520,7
86520,9
86521,10
86521,13
86521,2
86521,20
86521,21
86521,28
86521,6
86522,10
86522,21
86522,5
86522,7
86523,10
86523,27
86523,7
86523,8
86524,10
86524,13
86524,26
86524,27
86524,5
86524,7
86525,2
86525,28
86525,5
86525,6
86525,7
86526,16
86526,21
86526,5
86527,21
86527,23
86527,26
86527,9
86528,13
86528,2
86528,23
86528,28
86529,21
86529,5
86529,6
86530,2
86530,23
86531,13
86531,2
86531,21
86531,27
86531,6
86532,10
86532,13
86532,2
86532,20
86532,28
86533,26
86533,5
86533,8
86534,21
86534,5
86535,10
86535,2
86535,27
86535,7
86536,10
86536,2
86536,22
86537,10
86537,13
86537,19
86537,2
86537,26
86537,5
86538,13
86538,19
86538,20
86539,27
86539,7
86539,9
86540,23
86540,26
86540,9
86541,26
86541,28
86541,5
86541,7
86542,2
86542,23
86542,27
86542,9
86543,13
86543,16
86543,2
86543,9
86544,13
86544,2
86544,28
86545,2
86545,28
86545,5
86545,8
86546,10
86546,19
86546,20
86546,28
86547,6
86547,7
86547,8
86548,26
86548,27
86548,28
86549,10
86549,13
86549,2
86549,21
86549,22
86549,6
86550,20
86550,26
86550,28
86550,5
86551,10
86551,20
86551,26
86551,5
86552,13
86552,16
86552,21
86552,5
86553,13
86553,2
86553,21
86553,6
86553,8
86554,13
86554,23
86555,10
86555,13
86555,19
86555,27
86556,2
86556,22
86556,27
86556,5
86556,7
86557,10
86557,21
86557,28
86557,6
86558,15
86558,26
86558,5
86559,23
86559,27
86559,5
86560,23
86560,26
86560,27
86561,13
86561,2
86561,20
86561,21
86561,6
86562,13
86562,19
86562,2
86562,26
86562,27
86562,28
86562,5
86562,9
86563,27
86563,28
86564,19
86564,2
86564,6
86565,2
86565,28
86565,6
86566,28
86567,19
86567,23
86567,5
86568,10
86568,19
86568,23
86568,9
86569,10
86569,2
86569,23
86569,26
86570,10
86570,23
86570,26
86570,27
86570,5
86571,13
86571,19
86572,10
86572,13
86572,2
86572,27
86572,28
86573,13
86573,23
86573,26
86573,28
86573,6
86574,13
86574,8
86575,13
86575,26
86575,28
86576,2
86576,22
86576,5
86576,7
86577,13
86577,15
86577,26
86577,28
86578,13
86578,2
86578,27
86578,9
86579,2
86579,27
86579,7
86579,9
86580,10
86580,16
86580,2
86580,27
86581,27
86581,9
86582,10
86582,24
86583,13
86583,2
86583,26
86583,5
86584,2
86584,21
86584,5
86584,7
86585,10
86585,13
86585,19
86585,26
86586,2
86586,27
86586,9
86587,15
86587,2
86587,5
86587,7
86588,10
86588,2
86588,23
86588,8
86589,2
86589,24
86589,7
86590,19
86590,22
86591,10
86591,13
86591,27
86591,5
86591,9
86592,2
86592,24
86593,13
86593,27
86594,19
86594,23
86594,27
86595,10
86595,27
86595,5
86595,8
86596,23
86596,27
86596,5
86596,6
86596,9
86597,19
86597,2
86597,8
86598,22
86598,27
86598,8
86599,10
86599,15
86599,26
86599,27
86599,5
86599,7
86599,9
86600,13
86600,19
86600,2
86600,21
86600,7
86601,19
86601,21
86601,6
86601,9
86602,10
86602,23
86602,5
86603,2
86603,27
86604,13
86604,22
86604,5
86605,21
86605,28
86605,9
86606,16
86606,23
86606,26
86607,2
86607,26
86607,27
86607,5
86607,9
86608,13
86608,19
86608,5
86609,10
86609,19
86609,7
86610,10
86610,19
86610,28
86611,28
86611,7
86611,9
86612,19
86612,27
86612,9
86613,28
86613,6
86613,7
86614,19
86614,2
86614,28
86614,5
86614,6
86615,13
86615,2
86615,28
86615,7
86615,8
86616,2
86616,23
86616,26
86616,5
86617,16
86617,24
86617,6
86618,15
86618,23
86618,26
86618,9
86619,10
86619,13
86619,2
86619,26
86619,5
86620,10
86620,13
86620,21
86621,19
86621,23
86621,5
86621,7
86621,9
86622,20
86622,5
86622,7
86622,8
86623,23
86623,26
86623,5
86623,8
86624,10
86624,13
86624,16
86624,19
86624,2
86625,10
86625,2
86625,23
86626,13
86626,23
86626,26
86626,27
86627,13
86627,19
86627,21
86627,28
86628,13
86628,16
86628,22
86629,10
86629,13
86629,23
86629,28
86629,5
86630,13
86630,15
86630,19
86630,5
86631,10
86631,2
86631,21
86632,19
86632,21
86632,23
86632,26
86633,2
86633,8
86634,13
86634,21
86634,28
86635,2
86635,21
86636,13
86636,22
86636,26
86637,2
86637,23
86637,26
86637,27
86637,5
86638,13
86638,19
86638,2
86638,21
86638,6
86638,7
86638,8
86639,10
86639,19
86639,2
86639,28
86640,19
86640,5
86640,7
86641,13
86641,28
86641,6
86642,10
86642,28
86642,8
86643,22
86643,5
86643,7
86644,10
86644,28
86644,7
86645,10
86645,13
86645,28
86645,9
86646,23
86646,26
86646,7
86647,2
86647,21
86647,5
86647,6
86648,2
86649,10
86649,28
86649,5
86649,6
86650,10
86650,19
86650,2
86650,21
86650,6
86651,10
86651,15
86651,27
86651,5
86652,23
86652,24
86652,26
86653,19
86653,21
86653,6
86653,7
86653,8
86654,23
86654,27
86654,28
86654,5
86655,19
86655,27
86655,5
86656,10
86656,23
86656,27
86656,28
86656,6
86657,13
86657,19
86657,21
86657,22
86658,10
86658,13
86658,19
86658,21
86658,28
86659,10
86659,20
86659,22
86659,26
86659,28
86660,23
86660,5
86660,9
86661,19
86661,21
86661,8
86662,10
86662,24
86662,7
86663,19
86663,28
86663,9
86664,5
86665,10
86665,2
86665,24
86665,26
86665,5
86666,19
86666,23
86666,26
86666,28
86666,5
86667,2
86667,21
86667,27
86667,5
86668,10
86668,19
86668,28
86668,6
86669,23
86669,6
86670,10
86670,13
86670,9
86671,10
86671,2
86671,21
86671,5
86672,10
86672,13
86672,2
86672,27
86672,5
86673,28
86673,5
86673,7
86673,8
86674,13
86674,19
86674,21
86674,5
86674,6
86675,10
86675,19
86675,23
86675,7
86676,16
86676,24
86676,5
86677,13
86677,23
86677,28
86677,7
86678,10
86678,13
86678,22
86678,28
86679,10
86679,2
86679,20
86679,21
86679,6
86680,19
86680,2
86680,5
86680,7
86680,8
86681,23
86681,27
86681,7
86682,10
86682,26
86682,28
86682,5
86683,10
86683,26
86683,5
86684,13
86684,28
86684,6
86684,7
86685,23
86685,27
86685,5
86685,9
86686,16
86686,24
86686,8
86687,10
86687,2
86687,8
86688,13
86688,2
86688,9
86689,19
86689,21
86689,6
86689,7
86690,10
86690,13
86690,19
86690,21
86690,28
86690,6
86691,10
86691,13
86691,19
86691,2
86691,27
86692,10
86692,19
86692,20
86692,6
86693,10
86693,13
86693,2
86693,27
86693,6
86693,9
86694,16
86694,2
86694,5
86695,10
86695,13
86695,19
86695,28
86695,7
86696,10
86696,2
86696,26
86696,5
86697,10
86697,13
86697,26
86697,27
86698,16
86698,20
86699,10
86699,23
86699,9
86700,26
86700,27
86700,28
86700,9
86701,2
86701,22
86701,7
86701,8
86702,13
86702,16
86702,27
86703,13
86703,2
86703,26
86704,10
86704,19
86704,23
86704,26
86705,10
86705,13
86705,19
86705,2
86705,23
86705,26
86706,10
86706,19
86706,26
86706,28
86706,6
86707,19
86707,24
86707,5
86707,7
86708,13
86708,2
86708,27
86708,5
86708,7
86709,15
86709,23
86710,10
86710,13
86711,10
86711,15
86711,26
86712,13
86712,19
86712,28
86712,5
86712,9
86713,10
86713,2
86713,23
86713,28
86714,10
86714,7
86714,9
86715,13
86715,19
86715,2
86715,21
86715,6
86716,23
86716,26
86716,5
86716,9
86717,10
86717,2
86717,27
86717,9
86718,13
86718,19
86718,2
86718,5
86718,7
86719,10
86719,2
86719,26
86719,6
86720,13
86720,21
86720,6
86720,9
86721,10
86721,19
86721,26
86721,28
86721,5
86722,10
86722,2
86722,5
86722,7
86722,8
86723,13
86723,2
86723,26
86723,27
86723,5
86723,9
86724,10
86724,22
86724,23
86724,24
86724,28
86725,10
86725,19
86725,24
86725,5
86726,21
86726,28
86726,6
86727,13
86727,2
86727,24
86727,7
86728,19
86728,21
86728,24
86728,6
86729,10
86729,13
86729,20
86729,22
86730,2
86730,23
86730,26
86730,27
86731,13
86731,24
86731,5
86731,6
86731,7
86732,16
86732,2
86732,5
86732,7
86733,2
86733,21
86733,26
86733,6
86734,10
86734,24
86734,26
86734,27
86734,5
86735,10
86735,26
86735,28
86735,5
86735,7
86735,9
86736,23
86736,28
86736,9
86737,19
86737,23
86738,10
86738,2
86738,23
86738,26
86738,27
86739,13
86739,19
86739,2
86739,21
86739,9
86740,22
86740,23
86741,22
86741,27
86741,7
86742,23
86742,28
86742,5
86743,19
86743,21
86743,7
86743,8
86744,13
86744,16
86744,5
86745,10
86745,13
86745,19
86745,20
86746,2
86746,5
86746,6
86747,13
86747,2
86747,21
86747,6
86747,7
86748,19
86748,2
86748,20
86748,21
86748,6
86748,7
86748,8
86749,19
86749,28
86749,5
86750,10
86750,13
86750,2
86750,23
86751,19
86751,28
86751,6
86752,21
86752,8
86753,22
86753,24
86753,5
86754,24
86754,27
86754,6
86755,19
86755,6
86755,8
86756,10
86756,13
86756,19
86756,21
86756,6
86757,19
86757,21
86757,6
86758,10
86758,22
86758,26
86758,28
86759,13
86759,19
86759,26
86759,9
86760,2
86760,7
86760,8
86761,23
86761,26
86761,27
86761,7
86761,9
86762,15
86762,26
86762,5
86762,7
86763,2
86763,6
86763,7
86764,2
86764,23
86764,26
86764,27
86764,5
86764,7
86764,9
86765,13
86765,19
86765,2
86765,21
86765,8
86766,13
86766,16
86766,26
86766,5
86766,9
86767,13
86767,19
86767,20
86767,5
86767,7
86768,2
86768,20
86768,23
86769,15
86769,27
86769,5
86769,9
86770,10
86770,13
86770,27
86770,28
86770,5
86771,10
86771,2
86771,9
86772,28
86772,8
86773,15
86773,2
86773,27
86773,5
86773,8
86774,5
86774,7
86774,8
86775,19
86775,2
86775,23
86775,5
86776,21
86776,28
86776,8
86777,19
86777,23
86777,26
86777,27
86778,23
86778,26
86778,28
86778,5
86779,13
86780,10
86780,19
86780,23
86780,26
86780,28
86780,9
86781,13
86781,26
86781,27
86782,10
86782,2
86782,21
86782,5
86782,7
86783,19
86783,2
86783,21
86783,28
86783,5
86783,6
86783,7
86784,10
86784,16
86784,26
86784,27
86785,13
86785,23
86785,5
86786,10
86786,22
86786,5
86787,10
86787,2
86787,22
86787,23
86788,24
86788,26
86788,5
86788,9
86789,9
86790,13
86790,19
86790,2
86791,10
86791,27
86791,5
86791,9
86792,24
86792,26
86792,28
86793,21
86793,5
86793,6
86793,7
86793,8
86794,10
86794,19
86794,20
86794,24
86795,19
86795,26
86795,9
86796,13
86796,19
86796,20
86796,21
86796,5
86797,10
86797,21
86797,6
86798,24
86798,28
86798,5
86798,6
86799,13
86799,19
86799,2
86799,6
86799,8
86800,10
86800,13
86800,16
86800,22
86800,26
86800,5
86801,13
86801,7
86802,10
86802,13
86802,2
86802,26
86802,7
86803,26
86803,27
86803,28
86803,5
86803,9
86804,10
86804,21
86804,22
86804,5
86805,26
86806,26
86806,28
86806,6
86807,10
86807,13
86807,22
86807,26
86808,10
86808,19
86808,2
86808,20
86808,28
86808,5
86809,13
86809,27
86809,5
86809,7
86809,9
86810,10
86810,28
86810,5
86810,7
86810,9
86811,10
86811,2
86811,27
86811,5
86811,7
86811,8
86812,10
86812,13
86812,19
86812,23
86812,28
86812,5
86812,7
86813,2
86813,26
86813,28
86813,7
86814,15
86814,27
86814,7
86814,9
86815,10
86815,26
86815,27
86815,28
86816,10
86816,23
86816,8
86817,13
86817,19
86817,2
86817,6
86818,13
86818,22
86818,24
86818,5
86818,7
86819,13
86819,19
86819,6
86819,7
86820,16
86820,23
86820,24
86821,10
86821,13
86821,19
86821,2
86821,7
86822,19
86823,13
86823,26
86823,5
86824,22
86824,27
86824,5
86825,2
86825,5
86825,7
86826,10
86826,2
86826,5
86826,7
86827,2
86827,21
86827,6
86827,8
86828,10
86828,13
86828,2
86828,5
86829,20
86829,23
86829,6
86830,26
86830,5
86830,9
86831,19
86831,24
86831,5
86832,13
86832,24
86832,27
86832,5
86832,7
86833,10
86833,23
86833,27
86834,16
86834,2
86834,7
86835,13
86835,19
86835,21
86835,28
86835,6
86836,10
86836,13
86836,20
86836,5
86837,21
86837,24
86837,5
86838,19
86838,2
86838,5
86838,8
86839,10
86839,24
86839,5
86839,7
86840,15
86840,26
86840,27
86841,10
86841,13
86841,23
86841,26
86842,10
86842,13
86842,2
86842,24
86842,5
86842,7
86843,19
86843,23
86843,26
86843,5
86843,7
86844,10
86844,21
86844,27
86844,6
86845,10
86845,13
86845,21
86845,28
86845,9
86846,13
86846,2
86846,24
86846,26
86846,28
86847,21
86847,26
86847,6
86848,22
86848,28
86849,2
86849,20
86849,21
86849,6
86850,27
86850,7
86851,10
86851,19
86851,2
86851,28
86851,7
86852,24
86852,27
86852,5
86853,13
86853,19
86853,5
86853,7
86854,10
86854,22
86854,24
86854,5
86855,10
86855,2
86855,21
86855,7
86856,2
86856,21
86856,8
86857,2
86857,26
86857,5
86858,13
86858,28
86858,5
86858,6
86858,9
86859,19
86859,21
86859,23
86859,7
86860,13
86860,21
86860,22
86860,6
86860,8
86861,19
86861,21
86861,5
86861,7
86861,8
86862,13
86862,26
86862,5
86862,7
86863,19
86863,2
86863,5
86863,7
86864,13
86864,19
86864,2
86864,21
86864,28
86864,5
86865,23
86865,24
86865,28
86865,5
86866,2
86866,28
86866,7
86867,10
86867,23
86867,28
86867,5
86867,7
86868,15
86868,27
86868,5
86869,19
86869,2
86869,23
86869,28
86870,2
86870,26
86870,27
86870,7
86871,28
86871,5
86872,19
86872,24
86872,28
86872,6
86873,10
86873,19
86873,2
86873,7
86874,2
86874,26
86874,9
86875,10
86875,28
86875,5
86875,9
86876,18
86877,10
86877,15
86877,26
86877,28
86877,6
86878,13
86878,2
86878,26
86878,28
86879,10
86879,13
86879,16
86879,5
86880,10
86880,19
86880,28
86880,5
86880,6
86881,19
86881,2
86881,23
86882,13
86882,22
86882,24
86882,5
86883,22
86883,9
86884,10
86884,26
86884,5
86884,6
86885,27
86885,5
86885,7
86885,9
86886,24
86886,7
86886,8
86887,10
86887,13
86887,2
86887,24
86887,5
86888,10
86888,13
86888,19
86888,28
86889,10
86889,19
86889,6
86890,10
86890,2
86890,27
86890,5
86891,21
86891,5
86891,8
86892,10
86892,13
86892,22
86892,27
86892,7
86893,10
86893,19
86893,23
86893,26
86893,28
86893,6
86894,16
86894,2
86894,23
86895,10
86895,26
86895,27
86895,28
86895,7
86895,9
86896,19
86896,2
86896,21
86896,27
86896,5
86897,10
86897,26
86897,7
86898,22
86898,7
86898,9
86899,19
86899,20
86899,21
86899,6
86899,7
86899,8
86900,19
86900,2
86900,26
86900,7
86901,26
86901,27
86901,5
86901,7
86901,9
86902,10
86902,26
86902,27
86902,5
86902,7
86903,10
86903,13
86903,2
86903,26
86903,27
86903,7
86904,2
86904,24
86904,27
86904,5
86905,10
86905,26
86905,5
86905,7
86906,10
86906,2
86906,20
86907,23
86907,24
86907,26
86907,28
86908,10
86908,21
86908,26
86908,27
86908,5
86909,19
86909,26
86909,27
86909,5
86909,7
86910,19
86910,2
86910,6
86910,7
86910,8
86911,21
86911,23
86911,26
86911,28
86912,19
86912,26
86912,6
86912,9
86913,20
86913,28
86913,5
86914,23
86914,5
86914,7
86915,10
86915,13
86915,23
86915,6
86916,10
86916,2
86916,22
86916,26
86917,19
86917,21
86917,23
86917,26
86917,5
86917,9
86918,10
86918,13
86918,26
86918,28
86919,2
86919,24
86919,8
86920,19
86920,26
86920,27
86920,5
86921,10
86921,2
86921,26
86921,9
86922,13
86922,19
86922,26
86922,28
86922,7
86923,23
86923,28
86923,7
86923,9
86924,10
86924,19
86924,26
86924,7
86925,2
86925,5
86925,8
86926,16
86926,27
86927,10
86927,2
86927,28
86928,24
86928,5
86928,7
86929,10
86929,20
86929,28
86929,5
86930,24
86930,5
86930,8
86931,24
86931,26
86931,27
86931,5
86932,10
86932,23
86932,26
86932,27
86932,28
86933,13
86933,19
86933,2
86933,21
86933,27
86933,6
86933,9
86934,21
86934,5
86934,7
86935,13
86935,19
86935,20
86935,26
86936,10
86936,20
86936,6
86936,9
86937,10
86937,19
86937,21
86938,10
86938,13
86938,2
86938,22
86938,24
86939,10
86939,13
86939,19
86939,26
86939,28
86939,5
86939,7
86940,10
86940,13
86940,7
86940,9
86941,2
86941,21
86941,7
86941,8
86942,10
86942,22
86942,24
86943,2
86943,23
86943,26
86943,27
86943,9
86944,10
86944,2
86944,22
86944,27
86945,10
86945,13
86945,26
86945,9
86946,16
86946,2
86946,8
86947,2
86947,23
86947,6
86947,8
86948,10
86948,22
86948,26
86948,27
86948,5
86949,13
86949,19
86949,22
86950,16
86950,21
86951,24
86951,26
86951,27
86951,5
86951,9
86952,23
86952,26
86952,28
86952,5
86952,9
86953,16
86953,19
86953,21
86953,28
86954,10
86954,20
86954,27
86954,5
86955,13
86955,2
86955,24
86955,5
86956,27
86957,10
86957,13
86957,28
86957,7
86958,10
86958,26
86959,10
86959,13
86959,26
86960,26
86960,9
86961,13
86961,2
86962,19
86962,2
86962,23
86962,26
86963,19
86963,26
86963,5
86963,7
86963,9
86964,10
86964,13
86964,2
86964,21
86964,9
86965,10
86965,13
86965,2
86965,20
86965,21
86965,6
86966,10
86966,13
86966,21
86966,28
86966,6
86967,13
86967,20
86967,28
86967,7
86968,19
86968,5
86968,6
86968,7
86969,2
86969,26
86969,5
86969,7
86969,9
86970,10
86970,2
86970,26
86970,27
86970,5
86970,7
86971,10
86971,22
86971,7
86972,10
86972,13
86972,2
86972,5
86972,7
86973,10
86973,19
86973,23
86973,5
86974,2
86974,21
86974,28
86975,15
86975,28
86975,5
86975,7
86975,9
86976,10
86976,19
86976,5
86976,7
86977,2
86977,23
86977,27
86977,5
86977,9
86978,10
86978,19
86978,23
86978,28
86979,19
86979,21
86979,26
86979,6
86980,13
86980,19
86980,2
86980,23
86981,13
86981,19
86981,21
86981,6
86982,10
86982,2
86982,26
86982,28
86982,7
86983,10
86983,13
86983,22
86983,24
86983,5
86984,22
86984,23
86984,5
86985,24
86985,26
86985,5
86986,13
86986,26
86986,27
86986,7
86986,9
86987,13
86987,21
86987,9
86988,20
86988,23
86989,10
86989,13
86989,19
86989,5
86989,7
86990,13
86990,19
86990,2
86990,28
86991,2
86991,23
86991,5
86991,9
86992,10
86992,24
86992,26
86992,5
86993,10
86993,13
86993,23
86994,10
86994,13
86994,28
86994,6
86995,10
86995,27
86995,5
86995,7
86996,10
86996,2
86996,22
86996,7
86997,10
86997,26
86997,27
86997,28
86997,5
86997,9
86998,10
86998,2
86998,7
86999,10
86999,26
86999,28
87000,26
87000,27
87000,5
87000,8
87001,28
87001,5
87001,6
87001,7
87002,2
87002,27
87002,5
87002,7
87002,8
87003,10
87003,13
87003,27
87003,7
87003,9
87004,13
87004,23
87004,26
87004,28
87004,5
87005,16
87005,21
87005,5
87005,7
87006,19
87006,23
87006,5
87006,7
87007,10
87007,27
87007,8
87008,10
87008,26
87008,27
87008,5
87008,9
87009,10
87009,2
87009,24
87009,7
87010,21
87010,26
87010,5
87011,26
87011,28
87011,7
87011,9
87012,10
87012,13
87012,24
87012,7
87013,10
87013,28
87013,6
87014,16
87014,22
87015,22
87015,28
87015,5
87016,19
87016,2
87016,6
87016,8
87017,10
87017,16
87017,28
87018,22
87018,23
87018,9
87019,10
87019,24
87019,5
87019,6
87020,13
87020,2
87020,27
87020,6
87021,10
87021,13
87021,20
87021,21
87022,13
87022,19
87022,26
87022,27
87022,5
87022,9
87023,21
87023,5
87023,9
87024,13
87024,16
87025,10
87025,13
87025,27
87025,5
87025,7
87026,10
87026,28
87026,9
87027,19
87027,28
87027,5
87027,9
87028,5
87028,8
87029,10
87029,2
87029,23
87029,28
87029,7
87030,20
87030,28
87030,6
87031,10
87031,13
87031,19
87031,27
87031,6
87032,26
87032,27
87032,5
87033,10
87033,13
87033,15
87033,27
87033,7
87034,19
87034,24
87034,26
87034,5
87035,10
87035,13
87035,19
87035,2
87035,6
87036,10
87036,2
87036,22
87036,28
87037,16
87037,19
87037,5
87037,6
87038,2
87038,28
87038,8
87039,19
87039,23
87039,26
87039,7
87040,19
87040,2
87040,26
87040,5
87041,15
87041,26
87041,5
87041,8
87042,10
87042,21
87043,13
87043,22
87044,22
87044,26
87045,15
87045,9
87046,13
87046,21
87046,5
87046,7
87047,13
87047,5
87048,15
87048,27
87048,5
87048,7
87048,9
87049,2
87049,27
87049,7
87050,19
87050,2
87050,7
87050,8
87051,2
87051,22
87051,23
87051,8
87052,2
87052,9
87053,10
87053,5
87054,10
87054,13
87054,19
87054,20
87054,6
87055,21
87055,7
87055,8
87056,10
87056,13
87056,2
87056,21
87056,28
87057,20
87057,28
87058,23
87058,27
87058,28
87058,9
87059,10
87059,13
87059,20
87059,28
87060,13
87060,19
87060,21
87060,5
87061,15
87061,26
87061,5
87061,9
87062,13
87062,19
87062,23
87063,13
87063,22
87063,24
87063,7
87064,10
87064,19
87064,26
87064,28
87064,9
87065,10
87065,13
87065,2
87065,26
87066,13
87066,19
87066,9
87067,7
87068,19
87068,5
87068,9
87069,6
87069,8
87070,10
87070,13
87070,20
87070,26
87070,5
87071,23
87071,26
87071,27
87071,9
87072,26
87072,28
87072,9
87073,19
87073,2
87073,27
87073,5
87074,7
87074,8
87075,19
87075,2
87075,28
87076,2
87076,20
87076,23
87076,6
87077,13
87077,2
87077,21
87077,6
87077,7
87077,8
87078,15
87078,5
87078,7
87078,9
87079,27
87079,8
87080,26
87080,7
87081,19
87081,2
87081,5
87081,9
87082,10
87082,19
87082,2
87082,21
87082,26
87082,5
87083,13
87083,19
87083,2
87083,6
87083,7
87083,8
87084,10
87084,19
87084,21
87084,6
87085,13
87085,19
87085,2
87085,20
87085,21
87086,21
87086,23
87086,28
87087,13
87087,21
87087,6
87088,23
87088,24
87088,26
87088,5
87089,20
87089,28
87089,5
87089,6
87090,2
87090,28
87090,5
87090,9
87091,16
87091,28
87092,24
87092,5
87092,7
87092,9
87093,10
87093,13
87093,19
87093,2
87093,21
87093,28
87094,13
87094,2
87094,21
87094,8
87095,2
87095,26
87095,28
87096,23
87096,5
87096,8
87097,10
87097,13
87097,19
87097,9
87098,24
87098,26
87099,15
87099,27
87100,21
87100,6
87100,7
87101,13
87101,19
87101,21
87101,8
87102,10
87102,13
87102,2
87102,21
87102,6
87103,13
87103,16
87103,2
87104,24
87104,26
87104,27
87105,19
87105,23
87105,8
87106,2
87106,21
87106,7
87107,10
87107,13
87107,2
87107,26
87107,5
87107,7
87107,9
87108,2
87108,24
87108,5
87108,7
87109,10
87109,22
87110,19
87110,2
87110,21
87110,8
87111,26
87111,28
87111,7
87112,19
87112,28
87112,7
87113,22
87113,24
87114,15
87114,27
87114,9
87115,8
87116,13
87116,19
87116,28
87117,10
87117,13
87117,23
87117,28
87117,6
87118,26
87118,28
87118,5
87118,9
87119,19
87119,2
87120,2
87120,23
87120,9
87121,10
87121,19
87121,2
87121,6
87122,13
87122,20
87122,26
87122,5
87123,19
87123,8
87124,10
87124,28
87125,2
87125,26
87125,5
87125,9
87126,10
87126,13
87126,23
87126,28
87127,13
87127,19
87127,2
87127,7
87128,10
87128,13
87128,27
87128,9
87129,21
87129,6
87130,10
87130,22
87130,28
87130,6
87131,21
87131,22
87131,5
87132,16
87132,24
87133,23
87133,6
87133,9
87134,10
87134,13
87134,22
87134,27
87134,5
87135,10
87135,21
87135,5
87136,2
87136,6
87136,8
87137,10
87137,19
87137,5
87137,9
87138,13
87138,23
87138,5
87138,6
87139,19
87139,26
87139,28
87139,9
87140,10
87140,20
87140,21
87140,28
87141,10
87141,22
87141,5
87141,7
87142,19
87142,2
87142,21
87142,7
87142,8
87143,13
87143,2
87143,26
87143,27
87143,9
87144,10
87144,13
87144,5
87144,6
87145,2
87145,27
87145,8
87146,13
87146,19
87146,21
87146,6
87146,8
87147,10
87147,23
87147,26
87147,5
87148,10
87148,13
87148,2
87148,28
87149,10
87149,5
87149,8
87150,10
87150,23
87151,13
87151,2
87151,22
87151,7
87151,8
87152,10
87152,13
87152,19
87153,19
87153,2
87153,21
87153,5
87154,10
87154,2
87154,24
87155,13
87155,19
87155,26
87155,5
87156,2
87156,22
87156,8
87157,19
87157,2
87157,23
87157,9
87158,10
87158,22
87158,27
87159,2
87159,23
87159,6
87160,16
87160,23
87161,10
87161,13
87161,26
87161,5
87161,7
87162,10
87162,13
87162,2
87162,26
87162,5
87162,7
87163,10
87163,5
87163,6
87164,24
87164,27
87164,9
87165,10
87165,26
87165,28
87165,5
87165,6
87166,13
87166,19
87166,2
87166,21
87166,28
87166,6
87167,13
87167,2
87167,21
87167,27
87168,10
87168,24
87168,26
87168,27
87169,10
87169,20
87169,26
87169,28
87170,10
87170,2
87170,23
87170,26
87170,7
87171,15
87171,2
87171,26
87172,10
87172,23
87172,26
87172,27
87172,9
87173,10
87173,22
87173,24
87173,7
87174,23
87174,26
87175,10
87175,7
87175,8
87176,23
87177,10
87177,23
87177,26
87177,6
87178,10
87178,27
87178,28
87179,10
87179,23
87179,26
87179,9
87180,13
87180,26
87180,28
87180,5
87181,23
87181,26
87181,8
87182,10
87182,13
87182,2
87182,26
87182,28
87183,5
87183,6
87183,7
87184,13
87184,2
87184,28
87184,6
87185,19
87185,20
87185,6
87185,8
87186,2
87186,21
87186,27
87187,13
87187,19
87187,21
87188,13
87188,21
87188,24
87188,5
87189,16
87189,5
87189,7
87190,2
87190,24
87190,5
87191,10
87191,13
87191,7
87192,13
87192,20
87192,21
87192,5
87192,6
87192,8
87193,13
87193,19
87193,20
87193,21
87193,6
87194,2
87194,21
87194,6
87194,7
87194,8
87195,10
87195,13
87195,22
87195,27
87196,10
87196,24
87196,28
87196,6
87197,10
87197,19
87197,23
87197,26
87197,9
87198,10
87198,21
87198,7
87199,19
87199,21
87199,9
87200,2
87200,23
87200,7
87200,8
87200,9
87201,2
87201,21
87201,5
87202,10
87202,26
87202,27
87202,7
87203,10
87203,13
87203,28
87203,6
87203,9
87204,13
87204,2
87204,21
87204,28
87204,8
87205,10
87205,13
87205,19
87205,2
87205,21
87206,10
87206,16
87206,24
87206,5
87206,7
87207,10
87207,13
87207,19
87207,7
87208,23
87208,7
87208,9
87209,19
87209,2
87209,26
87210,10
87210,24
87210,26
87211,19
87211,26
87212,10
87212,13
87212,2
87212,26
87212,27
87212,9
87213,10
87213,2
87213,23
87213,26
87213,6
87214,13
87214,23
87214,26
87214,28
87215,10
87215,13
87215,28
87215,5
87215,6
87216,2
87216,24
87216,6
87217,10
87217,2
87217,21
87217,9
87218,10
87218,20
87218,23
87218,26
87218,28
87219,10
87219,23
87219,27
87219,28
87220,10
87220,13
87220,27
87221,5
87221,6
87221,8
87222,13
87222,19
87222,5
87222,6
87222,7
87222,8
87223,10
87223,2
87223,26
87223,27
87223,9
87224,19
87224,2
87224,5
87225,13
87225,19
87225,2
87225,27
87226,2
87226,26
87226,7
87227,13
87227,28
87227,7
87228,22
87228,5
87228,9
87229,10
87229,19
87229,20
87229,26
87230,24
87230,27
87230,5
87230,7
87231,19
87231,2
87231,28
87231,5
87231,7
87232,13
87232,27
87232,9
87233,10
87233,13
87233,19
87233,23
87233,6
87234,10
87234,13
87234,15
87234,24
87234,26
87235,10
87235,13
87235,20
87235,27
87236,10
87236,19
87236,24
87236,26
87236,28
87237,26
87237,7
87237,9
87238,10
87238,13
87238,19
87238,23
87238,28
87239,10
87239,27
87239,9
87240,23
87240,27
87240,9
87241,10
87241,20
87241,24
87241,5
87242,6
87242,7
87243,19
87243,2
87243,26
87243,5
87243,7
87244,10
87244,2
87244,23
87244,26
87244,5
87245,23
87245,26
87245,5
87245,7
87245,9
87246,13
87246,20
87246,21
87246,28
87246,6
87247,10
87247,26
87247,9
87248,13
87248,28
87248,5
87248,6
87249,13
87249,2
87249,27
87249,5
87250,10
87250,13
87250,19
87250,20
87250,7
87251,10
87251,13
87251,21
87251,6
87251,9
87252,13
87252,19
87252,2
87252,7
87252,8
87253,15
87253,26
87253,27
87253,7
87253,9
87254,10
87254,27
87255,10
87255,26
87255,27
87255,5
87256,13
87256,21
87256,27
87256,5
87256,6
87257,10
87257,13
87257,19
87257,5
87257,6
87258,10
87258,13
87258,16
87259,10
87259,19
87259,2
87259,20
87259,26
87259,27
87260,13
87260,2
87260,27
87260,7
87261,13
87261,19
87261,2
87261,21
87261,24
87261,6
87262,10
87262,13
87262,20
87263,10
87263,13
87263,19
87263,2
87264,13
87264,28
87264,7
87264,8
87265,10
87265,2
87265,23
87265,5
87266,13
87266,21
87266,5
87266,6
87267,2
87267,24
87267,7
87267,8
87268,13
87268,21
87268,8
87269,10
87269,23
87269,24
87270,19
87270,28
87270,6
87270,8
87271,10
87271,13
87271,19
87271,26
87271,5
87272,26
87272,27
87272,9
87273,10
87273,2
87273,28
87273,8
87274,10
87274,13
87274,24
87274,26
87274,5
87274,7
87274,8
87275,23
87275,28
87275,7
87276,10
87276,13
87276,19
87276,21
87276,26
87276,9
87277,27
87277,5
87277,7
87277,8
87278,10
87278,20
87278,28
87279,19
87279,2
87279,28
87279,6
87280,13
87280,24
87280,26
87280,5
87281,23
87281,26
87281,28
87281,9
87282,10
87282,15
87282,26
87282,27
87282,9
87283,19
87283,21
87283,5
87284,22
87284,26
87284,27
87285,26
87285,5
87285,7
87286,13
87286,19
87286,21
87286,5
87286,7
87287,23
87287,26
87287,27
87287,5
87288,10
87288,27
87288,28
87288,5
87289,26
87289,5
87290,23
87290,28
87291,10
87291,24
87291,27
87291,5
87292,10
87292,19
87292,2
87292,21
87292,28
87293,2
87293,22
87293,27
87293,7
87294,15
87294,24
87294,5
87295,10
87295,19
87295,23
87296,13
87296,28
87296,9
87297,13
87297,19
87297,2
87297,5
87298,19
87298,9
87299,2
87299,23
87299,5
87299,7
87300,10
87300,13
87300,19
87300,28
87300,9
87301,19
87301,21
87301,7
87302,10
87302,2
87302,27
87302,28
87302,5
87303,19
87303,2
87303,28
87303,5
87304,13
87304,21
87304,5
87305,13
87305,2
87305,28
87305,8
87306,24
87306,26
87306,5
87306,7
87307,23
87307,5
87307,6
87308,16
87308,24
87308,27
87309,2
87309,21
87309,28
87309,5
87310,10
87310,13
87310,2
87310,28
87310,6
87311,13
87311,23
87311,27
87312,13
87312,19
87312,21
87312,7
87312,8
87313,2
87313,21
87313,28
87313,7
87314,10
87314,19
87314,2
87314,7
87314,8
87315,19
87315,28
87315,5
87315,7
87316,13
87316,2
87316,21
87316,5
87317,2
87317,21
87317,6
87317,9
87318,16
87318,8
87319,19
87319,2
87319,21
87319,28
87319,5
87320,13
87320,19
87320,2
87320,21
87320,6
87320,7
87321,21
87321,23
87322,13
87322,19
87322,2
87322,21
87322,6
87322,8
87323,16
87323,26
87323,5
87324,19
87324,26
87324,7
87324,9
87325,2
87325,22
87325,24
87326,19
87326,23
87326,26
87327,10
87327,13
87327,2
87328,10
87328,19
87328,27
87329,13
87329,6
87330,10
87330,26
87330,27
87330,28
87330,5
87331,22
87331,26
87331,28
87332,26
87332,27
87332,5
87332,9
87333,26
87333,27
87333,28
87333,6
87333,9
87334,19
87334,5
87334,6
87335,10
87335,26
87335,28
87335,6
87336,19
87336,23
87336,9
87337,13
87337,2
87337,26
87337,27
87338,19
87338,24
87338,28
87338,9
87339,10
87339,2
87339,26
87339,7
87340,19
87340,26
87340,28
87340,5
87341,13
87341,19
87341,20
87341,7
87341,9
87342,10
87342,19
87342,2
87342,20
87343,10
87343,2
87343,6
87344,2
87344,5
87344,6
87344,7
87345,19
87345,21
87345,26
87345,5
87345,9
87346,19
87346,26
87346,28
87347,13
87347,26
87347,9
87348,2
87348,21
87348,22
87349,6
87349,9
87350,10
87350,22
87350,27
87350,5
87351,21
87351,9
87352,2
87352,23
87352,26
87352,9
87353,22
87353,7
87354,2
87354,27
87354,5
87354,7
87355,19
87355,6
87356,10
87356,26
87356,5
87356,7
87356,9
87357,10
87357,20
87357,23
87357,28
87358,19
87358,28
87358,5
87358,8
87358,9
87359,10
87359,13
87359,24
87359,26
87360,20
87360,26
87360,28
87360,9
87361,10
87361,19
87361,28
87361,7
87362,26
87362,27
87362,5
87362,7
87363,20
87363,23
87363,26
87364,19
87364,26
87364,6
87365,10
87365,19
87365,26
87365,27
87365,28
87366,10
87366,13
87366,19
87366,20
87366,28
87367,13
87367,19
87367,6
87368,10
87368,19
87368,26
87368,28
87369,23
87369,26
87369,5
87369,7
87370,2
87370,21
87370,5
87370,8
87371,13
87371,16
87371,20
87372,2
87372,5
87373,10
87373,23
87373,24
87373,5
87374,2
87374,6
87374,9
87375,27
87375,5
87375,8
87376,10
87376,13
87376,19
87376,20
87376,5
87377,10
87377,13
87377,2
87377,27
87378,13
87378,2
87378,22
87378,28
87379,26
87379,27
87379,28
87379,5
87380,19
87380,28
87381,19
87381,2
87381,7
87381,9
87382,19
87382,20
87382,21
87382,5
87382,6
87383,10
87383,13
87383,2
87383,26
87383,27
87384,15
87384,26
87384,27
87384,9
87385,13
87385,21
87385,22
87386,10
87386,26
87386,27
87386,28
87386,6
87387,2
87387,26
87387,8
87387,9
87388,10
87388,16
87388,2
87388,26
87388,5
87388,7
87389,23
87389,7
87390,10
87390,13
87390,2
87390,24
87391,13
87391,16
87391,19
87391,2
87392,19
87392,2
87392,23
87392,26
87392,28
87393,10
87393,24
87393,5
87394,10
87394,13
87394,26
87394,27
87394,5
87395,10
87395,13
87395,23
87395,26
87395,5
87396,19
87396,2
87396,5
87396,6
87397,19
87397,2
87397,9
87398,13
87398,7
87398,8
87399,10
87399,2
87399,23
87399,26
87399,27
87399,5
87400,10
87400,2
87400,24
87400,27
87400,5
87401,26
87401,5
87401,7
87401,9
87402,10
87402,13
87402,19
87402,2
87402,28
87402,6
87402,9
87403,10
87403,13
87403,20
87403,26
87403,28
87404,10
87404,2
87404,21
87404,26
87404,5
87405,10
87405,19
87405,22
87406,10
87406,2
87406,7
87406,9
87407,2
87407,22
87408,19
87408,23
87408,6
87409,10
87409,2
87410,10
87410,19
87411,2
87411,5
87411,6
87411,8
87412,21
87413,19
87413,6
87413,9
87414,28
87414,7
87415,23
87415,5
87416,10
87416,19
87416,5
87417,23
87417,27
87417,28
87418,10
87418,27
87418,6
87419,2
87419,5
87419,7
87419,8
87420,13
87420,16
87420,24
87420,5
87421,10
87421,13
87421,26
87421,5
87421,9
87422,23
87422,24
87422,5
87423,10
87423,13
87423,24
87423,26
87423,27
87423,5
87424,2
87424,28
87424,5
87424,7
87425,13
87425,21
87425,27
87425,5
87426,13
87426,2
87426,20
87426,21
87427,13
87427,27
87427,5
87427,9
87428,19
87428,23
87428,28
87428,5
87429,10
87429,2
87429,26
87429,28
87430,10
87430,13
87430,22
87430,5
87431,10
87431,13
87431,19
87431,5
87431,9
87432,10
87432,13
87432,19
87432,7
87432,8
87433,13
87433,2
87433,21
87433,5
87433,6
87433,7
87433,8
87434,10
87434,5
87434,7
87435,10
87435,13
87435,22
87435,7
87436,15
87437,13
87437,21
87437,28
87437,5
87438,19
87438,28
87438,5
87438,7
87438,9
87439,10
87439,2
87439,22
87439,5
87440,19
87440,21
87440,5
87440,9
87441,19
87441,23
87441,7
87441,9
87442,10
87442,20
87442,5
87443,16
87443,9
87444,19
87444,2
87444,21
87444,6
87445,24
87445,8
87446,10
87446,13
87446,19
87446,2
87446,5
87446,6
87446,7
87447,28
87447,5
87447,9
87448,13
87448,21
87448,24
87449,10
87449,21
87449,26
87449,5
87449,9
87450,2
87450,27
87450,5
87450,9
87451,10
87451,2
87451,26
87451,27
87451,5
87452,10
87452,28
87452,5
87452,7
87453,10
87453,16
87453,5
87454,19
87454,7
87454,8
87455,13
87455,2
87455,7
87455,9
87456,19
87456,26
87456,27
87456,5
87456,9
87457,19
87457,26
87457,5
87457,9
87458,19
87458,23
87458,28
87459,13
87459,19
87459,2
87459,21
87459,5
87459,6
87460,16
87460,2
87461,10
87461,13
87461,19
87461,28
87461,6
87462,15
87462,2
87462,5
87463,13
87463,22
87463,7
87464,19
87464,2
87464,21
87464,5
87464,6
87464,8
87465,19
87465,2
87465,5
87465,7
87465,9
87466,23
87466,26
87466,27
87466,5
87466,9
87467,10
87467,13
87467,22
87468,10
87468,13
87468,2
87468,24
87468,26
87468,27
87469,15
87469,5
87470,2
87470,27
87470,8
87470,9
87471,2
87471,26
87471,28
87471,5
87472,10
87472,13
87472,26
87472,5
87473,10
87473,2
87473,21
87473,27
87473,5
87473,7
87474,13
87474,19
87474,2
87474,20
87474,6
87475,10
87475,26
87475,28
87475,5
87475,9
87476,10
87476,13
87476,28
87477,26
87477,6
87478,20
87478,5
87479,19
87479,23
87479,7
87480,13
87480,26
87480,27
87480,5
87481,10
87481,22
87481,26
87481,5
87482,13
87482,22
87482,9
87483,26
87483,28
87483,5
87483,6
87483,9
87484,13
87484,19
87484,2
87484,6
87484,7
87485,10
87485,13
87485,26
87485,7
87485,9
87486,10
87486,23
87486,6
87487,13
87487,19
87487,7
87487,8
87488,19
87488,21
87489,2
87489,23
87489,26
87489,28
87489,5
87490,10
87490,2
87490,20
87490,28
87491,13
87491,19
87491,5
87491,7
87491,8
87492,13
87492,5
87492,6
87493,13
87493,2
87493,23
87494,13
87494,5
87494,7
87495,10
87495,13
87495,26
87495,7
87496,2
87496,26
87496,27
87497,13
87497,19
87497,28
87497,6
87497,8
87498,13
87498,21
87498,5
87498,6
87498,8
87499,19
87499,2
87499,23
87499,7
87500,10
87500,13
87500,19
87500,20
87500,5
87500,9
87501,27
87501,28
87501,5
87501,9
87502,10
87502,22
87502,23
87502,28
87503,2
87503,27
87503,5
87503,7
87503,8
87503,9
87504,13
87504,19
87504,2
87504,26
87504,28
87504,5
87504,9
87505,19
87505,2
87505,26
87505,28
87505,5
87505,9
87506,10
87506,13
87506,2
87506,22
87506,5
87506,7
87507,10
87507,19
87507,27
87507,5
87507,7
87508,16
87508,20
87508,8
87509,19
87509,2
87509,21
87509,28
87510,15
87510,23
87510,5
87510,9
87511,22
87512,13
87512,24
87512,5
87512,7
87513,13
87513,19
87513,2
87513,8
87514,13
87514,2
87514,21
87514,5
87514,6
87515,2
87515,23
87515,28
87515,5
87516,10
87516,23
87516,26
87516,27
87517,10
87517,26
87517,27
87517,7
87517,9
87518,19
87518,2
87518,21
87518,7
87519,10
87519,13
87519,22
87519,26
87519,5
87519,7
87520,10
87520,13
87520,24
87520,5
87521,2
87521,23
87521,28
87522,19
87522,20
87523,13
87523,24
87523,5
87524,10
87524,26
87524,28
87524,9
87525,16
87525,20
87525,21
87526,2
87526,24
87526,5
87526,7
87526,8
87527,2
87527,23
87527,8
87528,10
87528,19
87528,2
87528,23
87528,26
87529,13
87529,19
87529,23
87529,26
87529,28
87529,7
87530,13
87530,2
87530,6
87531,23
87531,27
87531,5
87531,8
87532,19
87532,21
87532,5
87532,7
87533,10
87533,13
87533,5
87533,7
87534,2
87534,22
87534,5
87535,19
87535,2
87535,28
87535,7
87536,10
87536,13
87536,2
87536,24
87536,7
87537,10
87537,13
87537,22
87537,5
87537,7
87538,21
87538,26
87538,27
87538,5
87539,19
87539,23
87539,26
87539,27
87539,5
87540,13
87540,23
87540,5
87540,9
87541,2
87541,21
87541,22
87541,6
87541,8
87542,15
87542,26
87542,9
87543,13
87543,21
87543,6
87543,7
87543,9
87544,10
87544,20
87544,26
87544,27
87545,10
87545,2
87545,26
87545,27
87545,7
87546,10
87546,13
87546,2
87546,26
87546,27
87546,5
87547,10
87547,5
87547,7
87547,8
87548,10
87548,23
87548,7
87548,9
87549,13
87549,19
87549,23
87549,5
87550,13
87550,23
87550,26
87550,9
87551,10
87551,13
87551,21
87551,28
87552,23
87552,26
87552,27
87552,28
87552,9
87553,10
87553,7
87554,23
87554,26
87554,28
87554,5
87554,7
87555,10
87555,13
87555,26
87555,27
87555,28
87556,10
87556,28
87556,5
87557,26
87557,27
87557,7
87558,13
87558,15
87558,19
87558,28
87558,9
87559,10
87559,26
87559,27
87559,9
87560,22
87560,23
87560,28
87561,10
87561,26
87561,5
87561,9
87562,10
87562,26
87562,28
87562,7
87563,2
87563,21
87563,6
87564,13
87564,2
87564,21
87564,28
87564,7
87565,16
87565,27
87565,5
87566,15
87566,26
87566,27
87566,5
87567,13
87567,6
87567,7
87568,10
87568,16
87568,26
87568,5
87569,10
87569,19
87569,2
87569,26
87570,19
87570,23
87570,5
87570,9
87571,10
87571,15
87571,2
87571,28
87571,8
87572,13
87572,23
87572,26
87573,10
87573,13
87573,23
87573,26
87573,27
87574,5
87574,7
87575,2
87575,23
87575,26
87576,2
87576,27
87576,5
87577,10
87577,23
87577,5
87577,9
87578,5
87578,6
87579,16
87579,2
87579,27
87580,19
87580,23
87580,26
87580,9
87581,2
87581,21
87581,27
87581,6
87582,15
87582,5
87582,8
87583,21
87583,27
87583,5
87584,13
87584,23
87584,9
87585,10
87585,13
87585,21
87585,6
87586,2
87586,23
87586,26
87586,27
87586,5
87586,9
87587,13
87587,2
87587,21
87587,6
87587,9
87588,15
87588,27
87588,5
87588,7
87589,24
87589,5
87589,6
87590,10
87590,2
87590,7
87590,8
87591,13
87591,2
87591,21
87592,16
87592,27
87592,6
87593,10
87593,13
87593,24
87593,26
87593,5
87594,13
87594,28
87595,10
87595,15
87595,27
87596,13
87596,23
87596,27
87596,5
87596,9
87597,10
87597,13
87597,19
87597,24
87598,15
87598,23
87598,26
87599,19
87599,21
87599,6
87599,8
87600,15
87600,2
87600,27
87601,13
87601,2
87601,8
87602,2
87602,23
87602,27
87603,19
87603,5
87604,13
87604,19
87604,2
87604,20
87604,7
87605,13
87605,5
87605,9
87606,13
87606,21
87606,22
87606,5
87607,23
87607,24
87607,26
87607,5
87607,9
87608,13
87608,19
87608,21
87608,28
87608,6
87608,9
87609,2
87609,22
87609,27
87609,5
87610,10
87610,13
87610,26
87610,28
87610,6
87611,10
87611,19
87611,2
87611,26
87611,27
87612,10
87612,19
87612,23
87612,26
87612,28
87612,5
87612,9
87613,21
87613,28
87614,13
87614,2
87614,7
87614,8
87615,10
87615,13
87615,19
87615,23
87616,10
87616,19
87616,26
87616,27
87617,13
87617,19
87617,2
87617,21
87618,10
87618,13
87618,19
87618,6
87619,10
87619,13
87619,2
87619,27
87619,7
87619,9
87620,2
87620,21
87620,5
87620,7
87620,8
87621,13
87621,26
87622,13
87622,2
87622,27
87622,5
87622,9
87623,13
87623,26
87623,7
87623,9
87624,21
87624,26
87624,5
87624,9
87625,26
87625,27
87625,7
87625,9
87626,13
87626,21
87626,28
87626,6
87627,22
87627,8
87628,10
87628,23
87628,6
87628,9
87629,23
87629,26
87629,6
87629,9
87630,19
87630,23
87630,6
87630,9
87631,19
87631,21
87631,5
87631,6
87632,13
87632,19
87632,20
87632,6
87633,10
87633,2
87633,21
87633,6
87634,23
87634,27
87635,22
87635,24
87635,5
87635,7
87636,10
87636,2
87636,26
87636,27
87636,5
87636,8
87637,2
87637,26
87638,10
87638,13
87638,24
87638,5
87638,7
87639,21
87639,7
87640,10
87640,13
87640,21
87640,26
87640,27
87640,9
87641,10
87641,13
87641,5
87642,2
87642,23
87642,26
87642,7
87643,10
87643,19
87643,23
87643,26
87643,28
87644,2
87644,28
87644,6
87644,7
87645,10
87645,13
87645,2
87645,22
87646,10
87646,23
87646,28
87646,9
87647,27
87647,5
87647,6
87648,2
87648,5
87648,9
87649,10
87649,16
87649,27
87650,10
87650,23
87650,26
87650,28
87650,5
87651,19
87651,21
87651,28
87652,10
87652,13
87652,20
87652,26
87653,10
87653,13
87653,19
87653,21
87654,13
87654,27
87654,7
87654,9
87655,13
87655,21
87655,22
87655,6
87656,10
87656,13
87656,24
87657,2
87657,28
87657,5
87658,2
87658,23
87658,26
87658,28
87659,2
87659,22
87659,26
87659,7
87660,5
87660,7
87660,9
87661,10
87661,13
87661,21
87661,5
87662,13
87662,19
87662,21
87662,28
87662,6
87662,8
87663,13
87663,2
87663,5
87663,7
87664,19
87664,26
87664,5
87664,7
87665,19
87665,2
87665,21
87665,5
87665,6
87666,10
87666,13
87666,2
87666,21
87666,27
87667,2
87667,20
87667,5
87667,8
87668,13
87668,21
87668,7
87669,13
87669,23
87669,26
87669,5
87669,9
87670,23
87670,27
87670,5
87670,7
87670,9
87671,13
87671,2
87671,21
87671,28
87671,6
87672,10
87672,19
87672,21
87672,28
87672,6
87673,20
87673,26
87673,28
87674,10
87674,19
87674,23
87674,24
87674,26
87674,5
87675,2
87675,23
87675,28
87675,8
87676,2
87676,26
87676,28
87676,5
87676,9
87677,10
87677,24
87677,28
87678,13
87678,23
87678,26
87678,27
87678,5
87679,19
87679,22
87679,9
87680,16
87680,27
87680,9
87681,16
87681,5
87682,10
87682,23
87682,26
87682,28
87683,2
87683,28
87683,9
87684,19
87684,20
87684,21
87684,6
87685,2
87685,22
87685,7
87686,2
87686,22
87686,23
87687,10
87687,13
87687,2
87687,26
87687,27
87687,5
87687,7
87688,10
87688,22
87688,27
87688,5
87688,7
87689,10
87689,13
87689,19
87689,21
87689,28
87689,5
87690,10
87690,6
87691,10
87691,20
87691,26
87691,27
87691,5
87692,19
87692,26
87692,27
87692,5
87692,6
87693,10
87693,19
87693,2
87693,21
87693,5
87694,13
87694,24
87694,28
87694,5
87694,6
87695,16
87695,26
87696,2
87696,22
87696,6
87697,10
87697,22
87697,26
87697,27
87698,10
87698,20
87698,26
87698,28
87698,5
87698,9
87699,24
87699,5
87699,9
87700,2
87700,6
87700,7
87700,8
87701,2
87701,23
87701,5
87702,10
87702,23
87702,28
87702,5
87703,13
87703,24
87703,7
87704,16
87704,7
87705,10
87705,22
87705,7
87705,9
87706,10
87706,13
87706,19
87706,2
87706,23
87707,2
87707,23
87707,7
87708,19
87708,2
87708,23
87708,26
87708,8
87709,23
87709,24
87710,10
87710,13
87710,23
87710,26
87710,28
87710,9
87711,10
87711,19
87711,20
87711,23
87712,10
87712,13
87712,24
87712,26
87712,28
87713,13
87713,21
87713,28
87713,5
87713,6
87714,10
87714,19
87714,23
87714,6
87715,24
87716,16
87716,24
87716,7
87717,24
87717,6
87718,13
87718,21
87719,13
87719,2
87719,21
87719,28
87720,10
87720,23
87720,26
87721,15
87721,26
87721,7
87722,10
87722,16
87723,15
87723,2
87723,26
87723,27
87723,5
87724,10
87724,21
87724,26
87725,2
87725,26
87725,27
87725,5
87725,7
87726,10
87726,20
87726,26
87726,27
87726,28
87726,5
87726,9
87727,28
87727,6
87727,9
87728,15
87728,26
87728,7
87728,9
87729,13
87729,2
87729,23
87729,7
87730,13
87730,23
87730,28
87731,13
87731,28
87731,5
87731,7
87732,10
87732,13
87732,2
87732,6
87733,13
87733,21
87733,6
87733,8
87734,19
87734,5
87734,8
87735,23
87735,28
87735,5
87735,9
87736,10
87736,12
87736,26
87737,11
87737,13
87737,2
87738,25
87739,1
87739,24
87739,26
87740,12
87740,27
87740,5
87741,1
87741,12
87742,10
87742,14
87742,27
87743,1
87743,26
87743,9
87744,27
87744,7
87744,8
87745,24
87745,9
87746,1
87746,2
87746,7
87747,17
87747,3
87747,5
87748,1
87748,13
87748,5
87749,11
87749,2
87749,9
87750,14
87750,2
87750,27
87751,11
87751,22
87752,1
87752,16
87752,5
87753,14
87753,5
87753,9
87754,24
87754,28
87754,5
87755,12
87755,16
87755,4
87756,10
87756,11
87756,5
87757,14
87757,16
87757,6
87758,1
87758,12
87758,2
87759,12
87759,3
87759,5
87760,1
87760,22
87760,27
87761,13
87761,17
87761,5
87762,1
87762,14
87762,5
87763,27
87763,28
87763,9
87764,11
87764,27
87764,5
87765,14
87765,5
87765,7
87766,3
87766,5
87767,12
87767,16
87768,17
87768,2
87768,8
87769,14
87769,7
87769,8
87770,1
87770,7
87770,9
87771,1
87771,14
87771,6
87772,14
87772,5
87773,1
87773,3
87774,1
87774,5
87774,7
87775,1
87775,16
87775,24
87776,1
87776,16
87776,22
87777,14
87777,19
87777,7
87778,13
87778,24
87778,9
87779,1
87779,19
87779,28
87780,11
87780,24
87780,5
87781,11
87781,19
87781,2
87782,2
87782,8
87782,9
87783,1
87783,26
87783,27
87784,1
87784,14
87784,2
87785,1
87785,5
87785,8
87786,17
87786,2
87786,5
87787,1
87787,27
87787,5
87788,1
87788,10
87788,24
87789,10
87789,14
87789,2
87790,11
87790,14
87790,6
87791,17
87791,24
87792,1
87792,13
87792,26
87793,1
87793,10
87793,13
87794,14
87794,3
87795,1
87795,19
87795,8
87796,13
87796,23
87796,7
87797,3
87797,5
87797,7
87798,14
87798,7
87799,1
87799,12
87799,6
87800,24
87800,3
87801,1
87801,17
87801,27
87802,11
87802,13
87802,22
87803,11
87803,5
87803,9
87804,14
87804,24
87804,7
87805,1
87805,22
87806,16
87806,17
87806,24
87807,17
87807,2
87807,6
87808,14
87808,27
87808,8
87809,7
87809,8
87809,9
87810,10
87810,11
87810,13
87811,10
87811,13
87811,14
87812,1
87812,2
87813,1
87813,26
87813,5
87814,1
87814,16
87815,14
87815,2
87815,5
87816,11
87816,3
87816,5
87817,10
87817,13
87817,3
87818,12
87818,5
87819,1
87819,12
87819,27
87820,1
87820,19
87821,12
87821,7
87821,8
87822,10
87822,14
87822,7
87823,1
87823,8
87824,3
87824,5
87824,8
87825,14
87825,2
87825,6
87826,1
87826,2
87826,22
87827,1
87827,10
87828,1
87828,6
87829,12
87829,16
87829,17
87830,14
87830,27
87830,9
87831,1
87831,2
87831,6
87832,1
87832,7
87833,1
87833,16
87833,2
87834,10
87834,17
87835,13
87835,14
87835,7
87836,1
87836,24
87837,1
87837,13
87838,11
87839,17
87839,22
87840,11
87840,13
87840,28
87841,3
87841,8
87842,17
87842,2
87843,1
87843,22
87843,6
87844,11
87844,5
87845,12
87845,14
87845,7
87846,27
87846,3
87846,5
87847,12
87847,5
87847,9
87848,2
87848,3
87848,5
87849,11
87849,6
87849,8
87850,1
87850,6
87850,8
87851,1
87851,27
87852,2
87852,24
87852,26
87853,14
87853,2
87854,11
87854,19
87854,6
87855,14
87855,2
87855,24
87856,10
87856,3
87856,5
87857,1
87857,12
87857,4
87858,10
87858,13
87858,8
87859,1
87859,22
87859,7
87860,19
87860,6
87860,7
87861,1
87861,11
87862,24
87862,4
87862,5
87863,10
87863,14
87863,5
87864,11
87864,2
87864,6
87865,11
87865,13
87866,14
87866,6
87866,7
87867,17
87868,1
87868,7
87868,8
87869,17
87869,22
87869,3
87870,1
87870,2
87870,8
87871,13
87871,27
87871,7
87872,12
87873,1
87873,14
87874,1
87874,2
87874,26
87875,3
87876,1
87876,2
87876,27
87877,1
87877,10
87877,5
87878,11
87878,28
87879,11
87879,5
87879,6
87880,11
87880,19
87880,5
87881,1
87881,24
87881,5
87882,12
87882,7
87882,9
87883,1
87883,13
87883,19
87884,1
87884,2
87884,24
87885,14
87885,24
87885,5
87886,11
87886,19
87886,7
87887,1
87887,2
87887,28
87888,12
87888,2
87888,7
87889,1
87889,13
87889,2
87890,1
87890,23
87890,28
87891,10
87891,12
87891,5
87892,11
87892,5
87892,8
87893,16
87893,17
87894,11
87894,22
87894,5
87895,13
87895,17
87895,7
87896,17
87896,7
87897,1
87897,11
87897,13
87898,10
87898,17
87898,5
87899,1
87899,10
87899,2
87900,17
87900,24
87900,5
87901,1
87901,22
87901,5
87902,11
87902,14
87902,2
87903,14
87903,22
87903,5
87904,17
87904,5
87904,8
87905,11
87905,13
87905,5
87906,11
87906,2
87907,11
87907,13
87907,19
87908,1
87908,14
87908,7
87909,10
87909,12
87909,2
87910,14
87910,16
87911,1
87911,13
87911,24
87912,1
87912,13
87912,7
87913,1
87913,19
87913,6
87914,1
87914,3
87914,5
87915,1
87915,19
87915,2
87916,13
87916,5
87916,8
87917,12
87917,2
87917,27
87918,16
87918,4
87918,5
87919,1
87919,27
87919,3
87920,14
87921,1
87921,13
87921,16
87922,13
87922,22
87922,3
87923,12
87923,14
87923,2
87924,1
87924,19
87924,7
87925,1
87925,23
87925,5
87926,1
87926,10
87926,22
87927,22
87927,3
87928,13
87928,14
87928,2
87929,1
87929,12
87929,16
87930,1
87930,11
87930,6
87931,1
87931,5
87931,6
87932,1
87932,22
87932,8
87933,10
87933,17
87933,7
87934,17
87934,22
87934,5
87935,2
87935,3
87936,1
87936,11
87936,2
87937,16
87937,3
87938,14
87938,2
87938,8
87939,1
87939,23
87940,1
87940,11
87940,19
87941,14
87941,2
87941,9
87942,17
87942,5
87942,7
87943,10
87943,22
87943,3
87944,1
87944,2
87944,23
87945,1
87946,1
87946,28
87946,5
87947,1
87947,14
87947,8
87948,11
87948,2
87948,23
87949,10
87949,11
87949,27
87950,12
87950,2
87950,5
87951,14
87951,5
87951,8
87952,1
87952,5
87953,1
87953,24
87953,3
87954,13
87954,3
87954,5
87955,1
87955,9
87956,11
87956,19
87957,1
87957,16
87957,8
87958,1
87958,17
87959,1
87959,5
87959,9
87960,24
87960,3
87960,5
87961,24
87961,27
87961,8
87962,1
87962,13
87962,22
87963,12
87963,5
87963,7
87964,1
87964,17
87964,22
87965,1
87965,2
87965,5
87966,1
87966,3
87966,8
87967,13
87967,17
87968,1
87968,16
87968,4
87969,12
87969,9
87970,14
87970,2
87970,7
87971,1
87971,4
87972,1
87972,22
87972,26
87973,12
87973,7
87974,1
87974,16
87974,17
87975,13
87975,27
87975,28
87976,1
87976,12
87976,5
87977,12
87977,2
87978,3
87978,7
87978,8
87979,17
87979,26
87979,5
87980,13
87980,14
87980,5
87981,12
87981,2
87981,8
87982,1
87982,19
87982,5
87983,17
87983,27
87983,5
87984,1
87984,26
87985,11
87985,2
87985,7
87986,12
87986,22
87987,1
87987,3
87987,7
87988,14
87988,3
87988,5
87989,14
87989,27
87989,5
87990,1
87990,19
87990,23
87991,1
87991,14
87991,16
87992,1
87992,2
87992,9
87993,10
87993,14
87993,22
87994,17
87994,5
87995,14
87995,19
87995,2
87996,1
87996,27
87996,7
87997,1
87997,10
87997,7
87998,11
87998,2
87998,5
87999,11
87999,5
87999,7
88000,2
88000,27
88000,6
88001,11
88001,13
88001,6
88002,14
88002,17
88002,5
88003,15
88003,2
88004,17
88004,23
88004,5
88005,1
88005,16
88005,6
88006,1
88006,17
88006,5
88007,1
88007,11
88007,5
88008,10
88008,12
88008,7
88009,13
88009,7
88009,9
88010,1
88010,28
88011,1
88011,24
88011,6
88012,11
88012,2
88012,8
88013,11
88013,2
88013,27
