userid,useridml,user_count
1,251,23
2,106,126
3,285,210
4,120,15
5,264,8
6,209,2
7,276,6
8,151,21
9,384,174
10,253,46
11,119,38
12,270,44
13,268,25
14,310,28
15,214,42
16,101,153
17,20,4
18,339,318
19,330,61
20,82,437
21,25,19
22,359,20
23,213,50
24,26,25
25,137,532
26,265,253
27,379,17
28,292,52
29,168,64
30,136,9
31,218,15
32,196,10
33,373,3
34,238,1
35,27,36
36,230,24
37,149,1507
38,93,30
39,307,4
40,382,7
41,335,20
42,191,8
43,295,1
44,11,37
45,228,88
46,135,59
47,252,16
48,39,130
49,131,323
50,178,16
51,255,15
52,241,16
53,357,8
54,325,74
55,17,85
56,142,103
57,66,89
58,89,30
59,160,240
60,284,54
61,33,116
62,109,7
63,57,159
64,239,6
65,288,5
66,31,163
67,34,6
68,12,55
69,296,9
70,282,45
71,10,162
72,321,13
73,324,50
74,18,1
75,139,1
76,146,5
77,143,6
78,98,1
79,193,11
80,381,177
81,243,6
82,167,18
83,250,496
84,64,95
85,145,16
86,198,1255
87,104,69
88,163,4
89,102,38
90,315,31
91,71,11
92,2,91
93,72,331
94,343,10
95,234,23
96,186,2
97,177,71
98,346,10
99,337,2
100,280,77
101,297,103
102,314,36
103,274,27
104,320,30
105,47,10
106,211,32
107,46,1
108,83,1
109,304,498
110,15,44
111,361,29
112,77,6
113,125,16
114,140,148
115,153,6
116,73,142
117,56,20
118,182,27
119,40,115
120,355,17
121,277,11
122,123,467
123,261,20
124,348,14
125,332,15
126,333,32
127,189,164
128,233,63
129,376,19
130,226,441
131,13,45
132,91,18
133,303,50
134,293,9
135,365,2
136,287,5
137,165,463
138,21,296
139,152,3
140,281,7
141,5,43
142,301,522
143,181,302
144,340,85
145,367,72
146,298,78
147,112,18
148,254,18
149,96,37
150,107,30
151,319,35
152,221,76
153,258,83
154,108,81
155,19,5
156,215,2
157,65,2
158,52,22
159,317,38
160,366,1
161,37,102
162,85,10
163,32,7
164,358,15
165,164,38
166,326,243
167,78,67
168,278,59
169,289,152
170,133,26
171,279,15
172,100,18
173,232,7
174,158,6
175,172,35
176,113,67
177,377,158
178,24,508
179,184,60
180,170,142
181,55,5
182,374,261
183,68,49
184,244,15
185,38,3
186,128,19
187,300,33
188,353,34
189,256,18
190,216,16
191,202,13
192,266,10
193,129,6
194,195,86
195,8,15
196,305,1406
197,80,23
198,318,79
199,312,21
200,179,7
201,110,63
202,370,53
203,175,87
204,99,39
205,48,15
206,28,13
207,94,251
208,313,171
209,262,44
210,362,14
211,204,98
212,162,47
213,30,424
214,356,13
215,299,24
216,95,396
217,122,4
218,62,16
219,329,20
220,180,74
221,127,11
222,117,204
223,185,85
224,309,17
225,349,55
226,363,13
227,341,204
228,286,10
229,155,50
230,97,37
231,205,38
232,197,51
233,187,151
234,114,16
235,351,15
236,156,408
237,302,358
238,386,50
239,249,78
240,269,60
241,194,40
242,126,6
243,316,13
244,336,19
245,132,64
246,378,350
247,369,50
248,67,68
249,352,49
250,224,552
251,50,264
252,51,184
253,76,59
254,69,111
255,334,1
256,203,214
257,385,212
258,219,23
259,81,26
260,273,38
261,79,328
262,42,70
263,90,15
264,134,87
265,59,20
266,192,16
267,338,74
268,271,5
269,350,4
270,116,65
271,235,89
272,248,13
273,84,2
274,207,69
275,74,25
276,6,48
277,246,20
278,29,51
279,159,29
280,354,11
281,267,15
282,41,310
283,141,350
284,171,29
285,227,916
286,380,1
287,247,36
288,347,33
289,311,181
290,138,2
291,242,12
292,190,143
293,16,7
294,54,26
295,342,155
296,103,30
297,115,15
298,148,456
299,236,10
300,208,19
301,323,76
302,322,85
303,294,55
304,368,31
305,36,10
306,174,246
307,4,30
308,200,16
309,257,71
310,53,346
311,222,15
312,275,16
313,92,10
314,23,8
315,44,465
316,371,35
317,58,16
318,1,62
319,290,56
320,206,251
321,111,158
322,237,191
323,364,9
324,372,6
325,86,79
326,49,46
327,22,410
328,360,18
329,70,22
330,45,47
331,225,169
332,199,18
333,60,7
334,327,44
335,105,268
336,75,22
337,124,38
338,229,62
339,245,31
340,43,14
341,220,43
342,259,143
343,166,10
344,291,19
345,3,30
346,201,1
347,61,10
348,176,9
349,87,97
350,169,11
351,14,144
352,344,6
353,147,15
354,121,4
355,210,411
356,161,120
357,157,90
358,154,13
359,35,195
360,173,49
361,375,27
362,188,22
363,306,15
364,345,86
365,150,20
366,308,16
367,331,8
368,63,16
369,183,45
370,9,169
371,260,75
372,118,64
373,88,60
374,130,110
375,272,15
376,223,250
377,240,6
378,283,102
379,217,3
380,231,15
381,212,211
382,383,7
383,328,245
384,263,323
385,144,154
386,7,165
